Handler #,Name,Allegiance,Rarity,Allegiance Passive Name,Allegiance Passive Target,Allegiance Passive Effect,Order Passive Name,Order Passive Target,Order Passive Effect,Image Filename,Notes
H-001,Max,Mortalbound,Alpha,Stand Together,Mortalbound,+10% Power Score,Radiant Leadership,Sunspire,+20% Base ATK,max.png,Both effects are passive while Max is equipped.
H-002,Sawyer,Mortalbound,Alpha,Lucky Break,Mortalbound,+10% DEF,Improvised Tactics,Starwatch,"Special Move recovery time reduced by 1 turn, minimum 1",sawyer.png,Both effects are passive while Sawyer is equipped.
H-003,Henry,Mortalbound,Alpha,Awaken the Spark,Mortalbound,+10% Power Score,Spark Awakening,First Spark,"Special Move recovery time reduced by 1 turn, minimum 1",henry.png,Both effects are passive while Henry is equipped.
H-004,Mr. Alden,Mortalbound,Prime,Overcharge,Mortalbound,+10% Base ATK,Charged Knowledge,First Spark,+20% Base ATK,mr-alden.png,Both effects are passive while Mr. Alden is equipped.
H-005,Captain Edmund,Mortalbound,Hunter,Battle Command,Mortalbound,+10% DEF,Disciplined Assault,Sovereign Order,+20% Base ATK,captain-edmund.png,Both effects are passive while Captain Edmund is equipped.
H-006,Amelia,Mortalbound,Hunter,Crystal Ward,Mortalbound,+10% Power Score,Shaper Ward,Worldforge,+20% DEF,amelia.png,Both effects are passive while Amelia is equipped.
H-007,"Arch, The Fallen",Voidbound,Apex,Void Dominion,Voidbound,+15% Base ATK,Fallen Sovereignty,Sovereign Order,+25% Power Score,arch-the-fallen.png,Both effects are passive while Arch is equipped. Higher values reflect Apex rarity.
H-008,Captain Vesper,Voidbound,Alpha,Marked for Ruin,Voidbound,+10% Base ATK,Rift Assault,Stargate,+20% Base ATK,captain-vesper.png,Both effects are passive while Captain Vesper is equipped.
H-009,Lieutenant Morrow,Voidbound,Prime,Shadow Step,Voidbound,+10% DEF,Veiled Defense,Moonveil,+20% DEF,lieutenant-morrow.png,Both effects are passive while Lieutenant Morrow is equipped.
