MM #,Name,Order,Allegiance,Rarity,Power,Def,Base Attack,Moves,Move 1 Name,Move 1 Roll,Move 1 Cooldown,Move 1 Effect,Move 2 Name,Move 2 Roll,Move 2 Cooldown,Move 2 Effect
MM-001,Swift,Order of the Star,Unbound,Wild,52,22,18,Quickstrike: 3+ | CD 1 | This attack gains +8% ATK and one allied Mystic gains +8% DEF for 1 turn.; Tailwind Dash: 5+ | CD 2 | All allied Mystics gain +8% ATK for 1 turn; this Mystic recovers 5% of maximum Power Score.,Quickstrike,3+,1,This attack gains +8% ATK and one allied Mystic gains +8% DEF for 1 turn.,Tailwind Dash,5+,2,All allied Mystics gain +8% ATK for 1 turn; this Mystic recovers 5% of maximum Power Score.
MM-002,Duney,Verdant Dawn,Unbound,Wild,50,24,16,Sand Toss: 3+ | CD 1 | This attack gains +8% ATK and the target gets -8% ATK for 1 turn.; Burrow: 5+ | CD 2 | Recover 10% of maximum Power Score and gain +12% DEF for 1 turn.,Sand Toss,3+,1,This attack gains +8% ATK and the target gets -8% ATK for 1 turn.,Burrow,5+,2,Recover 10% of maximum Power Score and gain +12% DEF for 1 turn.
MM-003,Leafo,Verdant Dawn,Unbound,Wild,54,26,17,Vine Snap: 3+ | CD 1 | This attack gains +8% ATK and the target gets -8% ATK for 1 turn.; Regrow: 5+ | CD 2 | Recover 10% of this Mystic's maximum Power Score and gain +8% DEF until your next turn.,Vine Snap,3+,1,This attack gains +8% ATK and the target gets -8% ATK for 1 turn.,Regrow,5+,2,Recover 10% of this Mystic's maximum Power Score and gain +8% DEF until your next turn.
MM-004,Ember,First Spark,Mortalbound,Wild,49,18,20,"Spark Bite: 3+ | CD 1 | This attack gains +12% ATK. Afterward, this Mystic gets -4% DEF until your next turn.; Flare Burst: 5+ | CD 2 | Gain +18% ATK for 1 turn and reduce the other Special Move recovery by 1 turn.",Spark Bite,3+,1,"This attack gains +12% ATK. Afterward, this Mystic gets -4% DEF until your next turn.",Flare Burst,5+,2,Gain +18% ATK for 1 turn and reduce the other Special Move recovery by 1 turn.
MM-005,Bella,Worldforge,Mortalbound,Wild,53,29,15,Metal Bash: 3+ | CD 1 | This attack gains +8% ATK and reduce target DEF by 8% for this attack.; Iron Guard: 5+ | CD 2 | Gain +18% DEF for 2 turn(s).,Metal Bash,3+,1,This attack gains +8% ATK and reduce target DEF by 8% for this attack.,Iron Guard,5+,2,Gain +18% DEF for 2 turn(s).
MM-006,Disco,Sunspire,Mortalbound,Wild,47,20,17,Flash Pop: 3+ | CD 1 | This attack gains +8% ATK and reduce target DEF by 8% for 1 turn.; Dazzle Spin: 5+ | CD 2 | Reduce the target's ATK by 12% for 1 turn and increase its longest active Special Move recovery by 1 turn.,Flash Pop,3+,1,This attack gains +8% ATK and reduce target DEF by 8% for 1 turn.,Dazzle Spin,5+,2,Reduce the target's ATK by 12% for 1 turn and increase its longest active Special Move recovery by 1 turn.
MM-007,Rocky,Worldforge,Mortalbound,Hunter,61,34,19,Stone Slam: 3+ | CD 1 | This attack gains +10% ATK and reduce target DEF by 10% for this attack.; Rooted Stance: 5+ | CD 2 | Gain +20% DEF for 2 turn(s).,Stone Slam,3+,1,This attack gains +10% ATK and reduce target DEF by 10% for this attack.,Rooted Stance,5+,2,Gain +20% DEF for 2 turn(s).
MM-008,Coral,Verdant Dawn,Mortalbound,Wild,51,23,19,Coral Jab: 3+ | CD 1 | This attack gains +8% ATK and the target gets -8% ATK for 1 turn.; Current Curl: 5+ | CD 2 | Recover 10% of maximum Power Score and gain +12% DEF for 1 turn.,Coral Jab,3+,1,This attack gains +8% ATK and the target gets -8% ATK for 1 turn.,Current Curl,5+,2,Recover 10% of maximum Power Score and gain +12% DEF for 1 turn.
MM-009,Jitsuki,Sovereign Order,Mortalbound,Hunter,65,28,27,"Rapid Jab: 3+ | CD 1 | This attack gains +10% ATK and reduce target ATK by 10% for 1 turn.; Counter Form: 5+ | CD 2 | Gain +15% DEF until your next turn. If hit, the attacker gets -10% ATK for its next turn.",Rapid Jab,3+,1,This attack gains +10% ATK and reduce target ATK by 10% for 1 turn.,Counter Form,5+,2,"Gain +15% DEF until your next turn. If hit, the attacker gets -10% ATK for its next turn."
MM-010,Nox,Moonveil,Voidbound,Hunter,67,25,29,Void Claw: 3+ | CD 1 | This attack gains +10% ATK and reduce target ATK by 10% for 1 turn.; Darkness Shroud: 5+ | CD 2 | Reduce the target's ATK by 15% for 1 turn and increase its longest active Special Move recovery by 1 turn.,Void Claw,3+,1,This attack gains +10% ATK and reduce target ATK by 10% for 1 turn.,Darkness Shroud,5+,2,Reduce the target's ATK by 15% for 1 turn and increase its longest active Special Move recovery by 1 turn.
MM-011,Gravemaw,Moonveil,Voidbound,Predator,82,40,32,Grave Bite: 4+ | CD 1 | This attack gains +12% ATK and reduce target ATK by 12% for 1 turn.; Consume: 6+ | CD 2 | Reduce the target's ATK and DEF by 18% for 1 turn and increase its longest active Special Move recovery by 1 turn.,Grave Bite,4+,1,This attack gains +12% ATK and reduce target ATK by 12% for 1 turn.,Consume,6+,2,Reduce the target's ATK and DEF by 18% for 1 turn and increase its longest active Special Move recovery by 1 turn.
MM-012,Kairo,Sovereign Order,Mortalbound,Hunter,63,27,26,Palm Strike: 3+ | CD 1 | This attack gains +10% ATK and reduce target ATK by 10% for 1 turn.; Focus Kata: 5+ | CD 2 | Gain +20% ATK for 2 turn(s).,Palm Strike,3+,1,This attack gains +10% ATK and reduce target ATK by 10% for 1 turn.,Focus Kata,5+,2,Gain +20% ATK for 2 turn(s).
MM-013,Brawler,Sovereign Order,Unbound,Predator,75,32,33,Haymaker: 4+ | CD 1 | This attack gains +12% ATK and reduce target ATK by 12% for 1 turn.; Knockout Swing: 6+ | CD 2 | Gain +18% ATK and +18% DEF for 2 turns.,Haymaker,4+,1,This attack gains +12% ATK and reduce target ATK by 12% for 1 turn.,Knockout Swing,6+,2,Gain +18% ATK and +18% DEF for 2 turns.
MM-014,Ripple,Verdant Dawn,Mortalbound,Wild,48,22,17,Ripple Shot: 3+ | CD 1 | This attack gains +8% ATK and the target gets -8% ATK for 1 turn.; Slip Away: 5+ | CD 2 | Gain +18% DEF until your next turn and reduce the next attacker's ATK by 8% for that attack.,Ripple Shot,3+,1,This attack gains +8% ATK and the target gets -8% ATK for 1 turn.,Slip Away,5+,2,Gain +18% DEF until your next turn and reduce the next attacker's ATK by 8% for that attack.
MM-015,Abyssal,Moonveil,Unbound,Predator,81,37,34,Deep Strike: 4+ | CD 1 | This attack gains +12% ATK and reduce target ATK by 12% for 1 turn.; Undertow: 6+ | CD 2 | Reduce the target's DEF by 24% for 2 turns.,Deep Strike,4+,1,This attack gains +12% ATK and reduce target ATK by 12% for 1 turn.,Undertow,6+,2,Reduce the target's DEF by 24% for 2 turns.
MM-016,Drizzle,Verdant Dawn,Mortalbound,Wild,46,20,16,Rain Drop: 3+ | CD 1 | This attack gains +8% ATK and the target gets -8% ATK for 1 turn.; Downpour: 5+ | CD 2 | Recover 10% of maximum Power Score and gain +12% DEF for 1 turn.,Rain Drop,3+,1,This attack gains +8% ATK and the target gets -8% ATK for 1 turn.,Downpour,5+,2,Recover 10% of maximum Power Score and gain +12% DEF for 1 turn.
MM-017,Tsunami,Verdant Dawn,Ascendant,Prime,94,42,41,Crashing Wave: 4+ | CD 1 | This attack gains +15% ATK and the target gets -15% ATK for 1 turn.; Tidal Surge: 6+ | CD 2 | Gain +28% ATK for 2 turn(s).,Crashing Wave,4+,1,This attack gains +15% ATK and the target gets -15% ATK for 1 turn.,Tidal Surge,6+,2,Gain +28% ATK for 2 turn(s).
MM-018,Cactus Jack,Verdant Dawn,Unbound,Hunter,59,31,22,Needle Shot: 3+ | CD 1 | This attack gains +10% ATK and the target gets -10% ATK for 1 turn.; Prickly Guard: 5+ | CD 2 | Gain +20% DEF for 2 turn(s).,Needle Shot,3+,1,This attack gains +10% ATK and the target gets -10% ATK for 1 turn.,Prickly Guard,5+,2,Gain +20% DEF for 2 turn(s).
MM-019,Mirage,Moonveil,Unbound,Predator,74,27,31,False Strike: 4+ | CD 1 | This attack gains +12% ATK and reduce target ATK by 12% for 1 turn.; Illusion Veil: 6+ | CD 2 | Gain +24% DEF until your next turn and reduce the next attacker's ATK by 12% for that attack.,False Strike,4+,1,This attack gains +12% ATK and reduce target ATK by 12% for 1 turn.,Illusion Veil,6+,2,Gain +24% DEF until your next turn and reduce the next attacker's ATK by 12% for that attack.
MM-020,Zephyr,Starwatch,Ascendant,Hunter,68,25,29,Wind Blade: 3+ | CD 1 | This attack gains +10% ATK and mark the target with -10% DEF for your next attack.; Cyclone Rush: 5+ | CD 2 | Gain +15% DEF for 1 turn and reduce one active Special Move recovery by 1 turn.,Wind Blade,3+,1,This attack gains +10% ATK and mark the target with -10% DEF for your next attack.,Cyclone Rush,5+,2,Gain +15% DEF for 1 turn and reduce one active Special Move recovery by 1 turn.
MM-021,Frostbite,Worldforge,Unbound,Predator,79,36,32,Ice Fang: 4+ | CD 1 | This attack gains +12% ATK and reduce target DEF by 12% for this attack.; Time Freeze: 6+ | CD 2 | Reduce the target's ATK by 18% for 2 turns and increase its longest active Special Move recovery by 1 turn.,Ice Fang,4+,1,This attack gains +12% ATK and reduce target DEF by 12% for this attack.,Time Freeze,6+,2,Reduce the target's ATK by 18% for 2 turns and increase its longest active Special Move recovery by 1 turn.
MM-022,Sweep,Starwatch,Mortalbound,Wild,45,19,16,Gust Swipe: 3+ | CD 1 | This attack gains +8% ATK and mark the target with -8% DEF for your next attack.; Sweep Away: 5+ | CD 2 | Reduce the target's DEF by 18% for 2 turns.,Gust Swipe,3+,1,This attack gains +8% ATK and mark the target with -8% DEF for your next attack.,Sweep Away,5+,2,Reduce the target's DEF by 18% for 2 turns.
MM-023,Emberling,First Spark,Mortalbound,Wild,43,17,18,"Ember Pop: 3+ | CD 1 | This attack gains +12% ATK. Afterward, this Mystic gets -4% DEF until your next turn.; Kindle Up: 5+ | CD 2 | Gain +18% ATK for 2 turn(s).",Ember Pop,3+,1,"This attack gains +12% ATK. Afterward, this Mystic gets -4% DEF until your next turn.",Kindle Up,5+,2,Gain +18% ATK for 2 turn(s).
MM-024,Voltix,First Spark,Mortalbound,Hunter,66,24,30,"Static Shock: 3+ | CD 1 | This attack gains +15% ATK. Afterward, this Mystic gets -5% DEF until your next turn.; Overcharge: 5+ | CD 2 | Gain +20% ATK for 2 turn(s).",Static Shock,3+,1,"This attack gains +15% ATK. Afterward, this Mystic gets -5% DEF until your next turn.",Overcharge,5+,2,Gain +20% ATK for 2 turn(s).
MM-025,Pebblit,Worldforge,Mortalbound,Wild,44,26,13,Pebble Toss: 3+ | CD 1 | This attack gains +8% ATK and reduce target DEF by 8% for this attack.; Harden: 5+ | CD 2 | Gain +18% DEF for 2 turn(s).,Pebble Toss,3+,1,This attack gains +8% ATK and reduce target DEF by 8% for this attack.,Harden,5+,2,Gain +18% DEF for 2 turn(s).
MM-026,Glint,Sunspire,Ascendant,Hunter,57,23,22,Gleam Shot: 3+ | CD 1 | This attack gains +10% ATK and reduce target DEF by 10% for 1 turn.; Blinding Ray: 5+ | CD 2 | Reduce the target's ATK by 15% for 1 turn and increase its longest active Special Move recovery by 1 turn.,Gleam Shot,3+,1,This attack gains +10% ATK and reduce target DEF by 10% for 1 turn.,Blinding Ray,5+,2,Reduce the target's ATK by 15% for 1 turn and increase its longest active Special Move recovery by 1 turn.
MM-027,Mire,Verdant Dawn,Unbound,Hunter,58,30,20,Mud Sling: 3+ | CD 1 | This attack gains +10% ATK and the target gets -10% ATK for 1 turn.; Bogged Down: 5+ | CD 2 | Reduce the target's ATK by 20% for 2 turns.,Mud Sling,3+,1,This attack gains +10% ATK and the target gets -10% ATK for 1 turn.,Bogged Down,5+,2,Reduce the target's ATK by 20% for 2 turns.
MM-028,Slipstream,Starwatch,Ascendant,Prime,88,33,40,Jet Strike: 4+ | CD 1 | This attack gains +15% ATK and mark the target with -15% DEF for your next attack.; Sonic Rush: 6+ | CD 2 | Gain +28% ATK for this attack and reduce this Mystic's other Special Move recovery by 1 turn.,Jet Strike,4+,1,This attack gains +15% ATK and mark the target with -15% DEF for your next attack.,Sonic Rush,6+,2,Gain +28% ATK for this attack and reduce this Mystic's other Special Move recovery by 1 turn.
MM-029,Ironjaw,Worldforge,Unbound,Alpha,106,52,43,Iron Bite: 4+ | CD 1 | This attack gains +18% ATK and reduce target DEF by 18% for this attack.; Crushing Jaw: 6+ | CD 2 | Gain +35% DEF for 2 turns and recover 11% of maximum Power Score.,Iron Bite,4+,1,This attack gains +18% ATK and reduce target DEF by 18% for this attack.,Crushing Jaw,6+,2,Gain +35% DEF for 2 turns and recover 11% of maximum Power Score.
MM-030,Tallus,Stargate,Unbound,Alpha,114,48,38,Gate Slam: 4+ | CD 1 | This attack gains +18% ATK and reduce target DEF by 18% for this attack.; Blink Gate: 6+ | CD 2 | Gain +35% DEF until your next turn and increase the attacker's longest active Special Move recovery by 1 turn if you are hit.,Gate Slam,4+,1,This attack gains +18% ATK and reduce target DEF by 18% for this attack.,Blink Gate,6+,2,Gain +35% DEF until your next turn and increase the attacker's longest active Special Move recovery by 1 turn if you are hit.
MM-031,Bramble,Verdant Dawn,Mortalbound,Wild,48,25,16,Thorn Whip: 3+ | CD 1 | This attack gains +8% ATK and the target gets -8% ATK for 1 turn.; Tangle: 5+ | CD 2 | Reduce the target's ATK by 18% for 2 turns.,Thorn Whip,3+,1,This attack gains +8% ATK and the target gets -8% ATK for 1 turn.,Tangle,5+,2,Reduce the target's ATK by 18% for 2 turns.
MM-032,Mossback,Verdant Dawn,Unbound,Hunter,64,35,21,Moss Slam: 3+ | CD 1 | This attack gains +10% ATK and the target gets -10% ATK for 1 turn.; Overgrowth: 5+ | CD 2 | Recover 12% of this Mystic's maximum Power Score and gain +10% DEF until your next turn.,Moss Slam,3+,1,This attack gains +10% ATK and the target gets -10% ATK for 1 turn.,Overgrowth,5+,2,Recover 12% of this Mystic's maximum Power Score and gain +10% DEF until your next turn.
MM-033,Bloomlet,Verdant Dawn,Ascendant,Wild,53,24,18,Petal Shot: 3+ | CD 1 | This attack gains +8% ATK and the target gets -8% ATK for 1 turn.; Bloom: 5+ | CD 2 | Recover 10% of maximum Power Score and gain +12% DEF for 1 turn.,Petal Shot,3+,1,This attack gains +8% ATK and the target gets -8% ATK for 1 turn.,Bloom,5+,2,Recover 10% of maximum Power Score and gain +12% DEF for 1 turn.
MM-034,Thornox,Verdant Dawn,Voidbound,Predator,77,34,34,Black Thorn: 4+ | CD 1 | This attack gains +12% ATK and the target gets -12% ATK for 1 turn.; Rotvine: 6+ | CD 2 | Reduce the target's DEF by 24% for 2 turns.,Black Thorn,4+,1,This attack gains +12% ATK and the target gets -12% ATK for 1 turn.,Rotvine,6+,2,Reduce the target's DEF by 24% for 2 turns.
MM-035,Rootfang,Verdant Dawn,Unbound,Prime,89,44,36,Root Crush: 4+ | CD 1 | This attack gains +15% ATK and the target gets -15% ATK for 1 turn.; Deep Roots: 6+ | CD 2 | Gain +28% DEF for 2 turn(s).,Root Crush,4+,1,This attack gains +15% ATK and the target gets -15% ATK for 1 turn.,Deep Roots,6+,2,Gain +28% DEF for 2 turn(s).
MM-036,Flint,Worldforge,Mortalbound,Wild,50,27,16,Stone Chip: 3+ | CD 1 | This attack gains +8% ATK and reduce target DEF by 8% for this attack.; Brace: 5+ | CD 2 | Gain +18% DEF for 2 turn(s).,Stone Chip,3+,1,This attack gains +8% ATK and reduce target DEF by 8% for this attack.,Brace,5+,2,Gain +18% DEF for 2 turn(s).
MM-037,Brasshorn,Worldforge,Mortalbound,Hunter,69,37,26,Horn Ram: 3+ | CD 1 | This attack gains +10% ATK and reduce target DEF by 10% for this attack.; Reinforce: 5+ | CD 2 | Gain +20% DEF for 2 turn(s).,Horn Ram,3+,1,This attack gains +10% ATK and reduce target DEF by 10% for this attack.,Reinforce,5+,2,Gain +20% DEF for 2 turn(s).
MM-038,Craggle,Worldforge,Unbound,Wild,46,28,14,Rock Toss: 3+ | CD 1 | This attack gains +8% ATK and reduce target DEF by 8% for this attack.; Boulder Hide: 5+ | CD 2 | Gain +18% DEF for 2 turn(s).,Rock Toss,3+,1,This attack gains +8% ATK and reduce target DEF by 8% for this attack.,Boulder Hide,5+,2,Gain +18% DEF for 2 turn(s).
MM-039,Forgefang,Worldforge,Ascendant,Predator,83,41,34,Molten Bite: 4+ | CD 1 | This attack gains +12% ATK and reduce target DEF by 12% for this attack.; Tempered Hide: 6+ | CD 2 | Gain +24% DEF for 2 turn(s).,Molten Bite,4+,1,This attack gains +12% ATK and reduce target DEF by 12% for this attack.,Tempered Hide,6+,2,Gain +24% DEF for 2 turn(s).
MM-040,Colosslate,Worldforge,Ascendant,Prime,96,50,38,Seismic Fist: 4+ | CD 1 | This attack gains +15% ATK and reduce target DEF by 15% for this attack.; Fortress Form: 6+ | CD 2 | Gain +28% DEF for 2 turn(s).,Seismic Fist,4+,1,This attack gains +15% ATK and reduce target DEF by 15% for this attack.,Fortress Form,6+,2,Gain +28% DEF for 2 turn(s).
MM-041,Glimmer,Sunspire,Mortalbound,Wild,45,18,17,Sparkle Shot: 3+ | CD 1 | This attack gains +8% ATK and reduce target DEF by 8% for 1 turn.; Flashstep: 5+ | CD 2 | Gain +18% DEF until your next turn and reduce the next attacker's ATK by 8% for that attack.,Sparkle Shot,3+,1,This attack gains +8% ATK and reduce target DEF by 8% for 1 turn.,Flashstep,5+,2,Gain +18% DEF until your next turn and reduce the next attacker's ATK by 8% for that attack.
MM-042,Halo,Sunspire,Ascendant,Hunter,62,27,24,Radiant Bolt: 3+ | CD 1 | This attack gains +10% ATK and reduce target DEF by 10% for 1 turn.; Halo Guard: 5+ | CD 2 | Gain +20% DEF for 2 turn(s).,Radiant Bolt,3+,1,This attack gains +10% ATK and reduce target DEF by 10% for 1 turn.,Halo Guard,5+,2,Gain +20% DEF for 2 turn(s).
MM-043,Prism,Sunspire,Mortalbound,Hunter,60,25,25,"Prism Beam: 3+ | CD 1 | This attack gains +10% ATK and reduce target DEF by 10% for 1 turn.; Refraction: 5+ | CD 2 | Gain +15% DEF until your next turn. If hit, the attacker gets -10% ATK for its next turn.",Prism Beam,3+,1,This attack gains +10% ATK and reduce target DEF by 10% for 1 turn.,Refraction,5+,2,"Gain +15% DEF until your next turn. If hit, the attacker gets -10% ATK for its next turn."
MM-044,Lumilux,Sunspire,Ascendant,Predator,80,34,35,Solar Arc: 4+ | CD 1 | This attack gains +12% ATK and reduce target DEF by 12% for 1 turn.; Sanctuary Light: 6+ | CD 2 | Recover 15% of this Mystic's maximum Power Score and gain +12% DEF until your next turn.,Solar Arc,4+,1,This attack gains +12% ATK and reduce target DEF by 12% for 1 turn.,Sanctuary Light,6+,2,Recover 15% of this Mystic's maximum Power Score and gain +12% DEF until your next turn.
MM-045,Dawnclaw,Sunspire,Ascendant,Prime,91,39,40,Radiant Claw: 4+ | CD 1 | This attack gains +15% ATK and reduce target DEF by 15% for 1 turn.; Sunrise: 6+ | CD 2 | Gain +28% ATK for 2 turn(s).,Radiant Claw,4+,1,This attack gains +15% ATK and reduce target DEF by 15% for 1 turn.,Sunrise,6+,2,Gain +28% ATK for 2 turn(s).
MM-046,Watchling,Starwatch,Mortalbound,Wild,48,20,18,Keen Strike: 3+ | CD 1 | This attack gains +8% ATK and mark the target with -8% DEF for your next attack.; Read Move: 5+ | CD 2 | Gain +12% DEF until your next turn and reduce the target's DEF by 8% for your next attack.,Keen Strike,3+,1,This attack gains +8% ATK and mark the target with -8% DEF for your next attack.,Read Move,5+,2,Gain +12% DEF until your next turn and reduce the target's DEF by 8% for your next attack.
MM-047,Farsee,Starwatch,Ascendant,Hunter,63,24,27,Piercing Gaze: 3+ | CD 1 | This attack gains +10% ATK and mark the target with -10% DEF for your next attack.; Predict: 5+ | CD 2 | Gain +15% DEF until your next turn and reduce the target's DEF by 10% for your next attack.,Piercing Gaze,3+,1,This attack gains +10% ATK and mark the target with -10% DEF for your next attack.,Predict,5+,2,Gain +15% DEF until your next turn and reduce the target's DEF by 10% for your next attack.
MM-048,Scoutwing,Starwatch,Mortalbound,Hunter,59,23,25,Wing Slash: 3+ | CD 1 | This attack gains +10% ATK and mark the target with -10% DEF for your next attack.; Recon: 5+ | CD 2 | Gain +15% DEF until your next turn and reduce the target's DEF by 10% for your next attack.,Wing Slash,3+,1,This attack gains +10% ATK and mark the target with -10% DEF for your next attack.,Recon,5+,2,Gain +15% DEF until your next turn and reduce the target's DEF by 10% for your next attack.
MM-049,Nightwatch,Starwatch,Unbound,Predator,78,31,34,Silent Dive: 4+ | CD 1 | This attack gains +12% ATK and mark the target with -12% DEF for your next attack.; Foresight: 6+ | CD 2 | Gain +18% DEF until your next turn and reduce the target's DEF by 12% for your next attack.,Silent Dive,4+,1,This attack gains +12% ATK and mark the target with -12% DEF for your next attack.,Foresight,6+,2,Gain +18% DEF until your next turn and reduce the target's DEF by 12% for your next attack.
MM-050,Astraleye,Starwatch,Ascendant,Alpha,103,43,45,Star Lance: 4+ | CD 1 | This attack gains +18% ATK and mark the target with -18% DEF for your next attack.; Perfect Sight: 6+ | CD 2 | Gain +25% DEF until your next turn and reduce the target's DEF by 18% for your next attack.,Star Lance,4+,1,This attack gains +18% ATK and mark the target with -18% DEF for your next attack.,Perfect Sight,6+,2,Gain +25% DEF until your next turn and reduce the target's DEF by 18% for your next attack.
MM-051,Flicker,First Spark,Mortalbound,Wild,42,17,18,"Spark Snap: 3+ | CD 1 | This attack gains +12% ATK. Afterward, this Mystic gets -4% DEF until your next turn.; Charge: 5+ | CD 2 | Gain +18% ATK for 2 turn(s).",Spark Snap,3+,1,"This attack gains +12% ATK. Afterward, this Mystic gets -4% DEF until your next turn.",Charge,5+,2,Gain +18% ATK for 2 turn(s).
MM-052,Crackle,First Spark,Mortalbound,Wild,51,19,21,"Arc Bite: 3+ | CD 1 | This attack gains +12% ATK. Afterward, this Mystic gets -4% DEF until your next turn.; Chain Spark: 5+ | CD 2 | Gain +18% ATK for 1 turn and reduce the other Special Move recovery by 1 turn.",Arc Bite,3+,1,"This attack gains +12% ATK. Afterward, this Mystic gets -4% DEF until your next turn.",Chain Spark,5+,2,Gain +18% ATK for 1 turn and reduce the other Special Move recovery by 1 turn.
MM-053,Dynamo,First Spark,Ascendant,Hunter,68,27,30,"Power Slam: 3+ | CD 1 | This attack gains +15% ATK. Afterward, this Mystic gets -5% DEF until your next turn.; Surge: 5+ | CD 2 | Gain +20% ATK for 2 turn(s).",Power Slam,3+,1,"This attack gains +15% ATK. Afterward, this Mystic gets -5% DEF until your next turn.",Surge,5+,2,Gain +20% ATK for 2 turn(s).
MM-054,Wildfire,First Spark,Unbound,Predator,76,29,35,"Flame Rush: 4+ | CD 1 | This attack gains +18% ATK. Afterward, this Mystic gets -6% DEF until your next turn.; Burnout: 6+ | CD 2 | This attack gains +24% ATK. After it resolves, lose 12% of maximum Power Score.",Flame Rush,4+,1,"This attack gains +18% ATK. Afterward, this Mystic gets -6% DEF until your next turn.",Burnout,6+,2,"This attack gains +24% ATK. After it resolves, lose 12% of maximum Power Score."
MM-055,Stormvolt,First Spark,Ascendant,Prime,95,38,43,"Thunder Crash: 4+ | CD 1 | This attack gains +20% ATK. Afterward, this Mystic gets -7% DEF until your next turn.; Supercharge: 6+ | CD 2 | Gain +28% ATK for 2 turn(s).",Thunder Crash,4+,1,"This attack gains +20% ATK. Afterward, this Mystic gets -7% DEF until your next turn.",Supercharge,6+,2,Gain +28% ATK for 2 turn(s).
MM-056,Dreampuff,Moonveil,Mortalbound,Wild,43,18,15,Dream Dust: 3+ | CD 1 | This attack gains +8% ATK and reduce target ATK by 8% for 1 turn.; Nap Trap: 5+ | CD 2 | Reduce the target's ATK by 12% for 1 turn and increase its longest active Special Move recovery by 1 turn.,Dream Dust,3+,1,This attack gains +8% ATK and reduce target ATK by 8% for 1 turn.,Nap Trap,5+,2,Reduce the target's ATK by 12% for 1 turn and increase its longest active Special Move recovery by 1 turn.
MM-057,Whimsy,Moonveil,Unbound,Wild,50,21,18,"Trick Shot: 3+ | CD 1 | This attack gains +8% ATK and reduce target ATK by 8% for 1 turn.; Switcheroo: 5+ | CD 2 | Gain +12% DEF until your next turn. If hit, the attacker gets -8% ATK for its next turn.",Trick Shot,3+,1,This attack gains +8% ATK and reduce target ATK by 8% for 1 turn.,Switcheroo,5+,2,"Gain +12% DEF until your next turn. If hit, the attacker gets -8% ATK for its next turn."
MM-058,Phantasm,Moonveil,Ascendant,Hunter,66,26,28,Phantom Claw: 3+ | CD 1 | This attack gains +10% ATK and reduce target ATK by 10% for 1 turn.; Vanish: 5+ | CD 2 | Gain +20% DEF until your next turn and reduce the next attacker's ATK by 10% for that attack.,Phantom Claw,3+,1,This attack gains +10% ATK and reduce target ATK by 10% for 1 turn.,Vanish,5+,2,Gain +20% DEF until your next turn and reduce the next attacker's ATK by 10% for that attack.
MM-059,Dreamfang,Moonveil,Unbound,Prime,92,38,42,Nightmare Bite: 4+ | CD 1 | This attack gains +15% ATK and reduce target ATK by 15% for 1 turn.; Dreamlock: 6+ | CD 2 | Reduce the target's ATK by 20% for 1 turn and increase its longest active Special Move recovery by 1 turn.,Nightmare Bite,4+,1,This attack gains +15% ATK and reduce target ATK by 15% for 1 turn.,Dreamlock,6+,2,Reduce the target's ATK by 20% for 1 turn and increase its longest active Special Move recovery by 1 turn.
MM-060,Umbraxis,Moonveil,Voidbound,Alpha,109,42,49,Dread Slash: 4+ | CD 1 | This attack gains +18% ATK and reduce target ATK by 18% for 1 turn.; Endless Night: 6+ | CD 2 | Reduce the target's ATK by 25% for 1 turn and increase its longest active Special Move recovery by 1 turn.,Dread Slash,4+,1,This attack gains +18% ATK and reduce target ATK by 18% for 1 turn.,Endless Night,6+,2,Reduce the target's ATK by 25% for 1 turn and increase its longest active Special Move recovery by 1 turn.
MM-061,Ticktail,Agespire,Mortalbound,Wild,49,22,17,Clock Swipe: 3+ | CD 1 | This attack gains +8% ATK and increase target's longest active Special Move recovery by 1 turn.; Delay: 5+ | CD 2 | Reduce both of this Mystic's active Special Move recoveries by 1 turn and recover 10% of maximum Power Score.,Clock Swipe,3+,1,This attack gains +8% ATK and increase target's longest active Special Move recovery by 1 turn.,Delay,5+,2,Reduce both of this Mystic's active Special Move recoveries by 1 turn and recover 10% of maximum Power Score.
MM-062,Epoch,Agespire,Ascendant,Hunter,67,30,27,Age Strike: 3+ | CD 1 | This attack gains +10% ATK and increase target's longest active Special Move recovery by 1 turn.; Rewind: 5+ | CD 2 | Recover 12% of this Mystic's maximum Power Score and gain +10% DEF until your next turn.,Age Strike,3+,1,This attack gains +10% ATK and increase target's longest active Special Move recovery by 1 turn.,Rewind,5+,2,Recover 12% of this Mystic's maximum Power Score and gain +10% DEF until your next turn.
MM-063,Hourglass,Agespire,Unbound,Predator,76,33,32,Sandfall: 4+ | CD 1 | This attack gains +12% ATK and increase target's longest active Special Move recovery by 1 turn.; Stasis: 6+ | CD 2 | Reduce the target's ATK by 18% for 1 turn and increase its longest active Special Move recovery by 1 turn.,Sandfall,4+,1,This attack gains +12% ATK and increase target's longest active Special Move recovery by 1 turn.,Stasis,6+,2,Reduce the target's ATK by 18% for 1 turn and increase its longest active Special Move recovery by 1 turn.
MM-064,Relic,Agespire,Mortalbound,Hunter,61,31,22,Ancient Blow: 3+ | CD 1 | This attack gains +10% ATK and increase target's longest active Special Move recovery by 1 turn.; Remembered Guard: 5+ | CD 2 | Gain +20% DEF for 2 turn(s).,Ancient Blow,3+,1,This attack gains +10% ATK and increase target's longest active Special Move recovery by 1 turn.,Remembered Guard,5+,2,Gain +20% DEF for 2 turn(s).
MM-065,Evermore,Agespire,Ascendant,Prime,99,44,41,Eternal Strike: 4+ | CD 1 | This attack gains +15% ATK and increase target's longest active Special Move recovery by 1 turn.; Second Chance: 6+ | CD 2 | Recover 18% of this Mystic's maximum Power Score and gain +15% DEF until your next turn.,Eternal Strike,4+,1,This attack gains +15% ATK and increase target's longest active Special Move recovery by 1 turn.,Second Chance,6+,2,Recover 18% of this Mystic's maximum Power Score and gain +15% DEF until your next turn.
MM-066,Blink,Stargate,Mortalbound,Wild,47,19,18,Blink Jab: 3+ | CD 1 | This attack gains +8% ATK and reduce target DEF by 8% for this attack.; Short Hop: 5+ | CD 2 | Gain +18% DEF until your next turn and reduce the next attacker's ATK by 8% for that attack.,Blink Jab,3+,1,This attack gains +8% ATK and reduce target DEF by 8% for this attack.,Short Hop,5+,2,Gain +18% DEF until your next turn and reduce the next attacker's ATK by 8% for that attack.
MM-067,Riftling,Stargate,Unbound,Hunter,65,26,28,Rift Swipe: 3+ | CD 1 | This attack gains +10% ATK and reduce target DEF by 10% for this attack.; Portal Dodge: 5+ | CD 2 | Gain +20% DEF until your next turn and reduce the next attacker's ATK by 10% for that attack.,Rift Swipe,3+,1,This attack gains +10% ATK and reduce target DEF by 10% for this attack.,Portal Dodge,5+,2,Gain +20% DEF until your next turn and reduce the next attacker's ATK by 10% for that attack.
MM-068,Doorbit,Stargate,Mortalbound,Wild,44,21,15,Gate Bump: 3+ | CD 1 | This attack gains +8% ATK and reduce target DEF by 8% for this attack.; Shortcut: 5+ | CD 2 | Reduce both of this Mystic's active Special Move recoveries by 1 turn and gain +8% ATK for the next attack.,Gate Bump,3+,1,This attack gains +8% ATK and reduce target DEF by 8% for this attack.,Shortcut,5+,2,Reduce both of this Mystic's active Special Move recoveries by 1 turn and gain +8% ATK for the next attack.
MM-069,Wormhole,Stargate,Ascendant,Predator,84,32,38,Warp Strike: 4+ | CD 1 | This attack gains +12% ATK and reduce target DEF by 12% for this attack.; Fold Space: 6+ | CD 2 | Reduce the target's DEF by 24% for this attack and gain +12% DEF until your next turn.,Warp Strike,4+,1,This attack gains +12% ATK and reduce target DEF by 12% for this attack.,Fold Space,6+,2,Reduce the target's DEF by 24% for this attack and gain +12% DEF until your next turn.
MM-070,Riftclaw,Stargate,Voidbound,Prime,97,39,45,Rift Tear: 4+ | CD 1 | This attack gains +15% ATK and reduce target DEF by 15% for this attack.; Void Gate: 6+ | CD 2 | This attack gains +28% ATK. Lose 15% of maximum Power Score after the attack and reduce this Mystic's other Special Move recovery by 1 turn.,Rift Tear,4+,1,This attack gains +15% ATK and reduce target DEF by 15% for this attack.,Void Gate,6+,2,This attack gains +28% ATK. Lose 15% of maximum Power Score after the attack and reduce this Mystic's other Special Move recovery by 1 turn.
MM-071,Crownlet,Sovereign Order,Mortalbound,Wild,52,24,18,Command Jab: 3+ | CD 1 | This attack gains +8% ATK and reduce target ATK by 8% for 1 turn.; Rally: 5+ | CD 2 | Gain +18% ATK for 2 turn(s).,Command Jab,3+,1,This attack gains +8% ATK and reduce target ATK by 8% for 1 turn.,Rally,5+,2,Gain +18% ATK for 2 turn(s).
MM-072,Marshal,Sovereign Order,Mortalbound,Hunter,69,31,29,Order Strike: 3+ | CD 1 | This attack gains +10% ATK and reduce target ATK by 10% for 1 turn.; Discipline: 5+ | CD 2 | Gain +20% ATK for 2 turn(s).,Order Strike,3+,1,This attack gains +10% ATK and reduce target ATK by 10% for 1 turn.,Discipline,5+,2,Gain +20% ATK for 2 turn(s).
MM-073,Regent,Sovereign Order,Ascendant,Predator,83,38,35,Royal Blow: 4+ | CD 1 | This attack gains +12% ATK and reduce target ATK by 12% for 1 turn.; Decree: 6+ | CD 2 | Reduce the target's ATK by 24% for 2 turns.,Royal Blow,4+,1,This attack gains +12% ATK and reduce target ATK by 12% for 1 turn.,Decree,6+,2,Reduce the target's ATK by 24% for 2 turns.
MM-074,Tyrant,Sovereign Order,Voidbound,Prime,98,39,46,Dominion Crush: 4+ | CD 1 | This attack gains +15% ATK and reduce target ATK by 15% for 1 turn.; Submit: 6+ | CD 2 | Reduce the target's ATK by 20% for 1 turn and increase its longest active Special Move recovery by 1 turn.,Dominion Crush,4+,1,This attack gains +15% ATK and reduce target ATK by 15% for 1 turn.,Submit,6+,2,Reduce the target's ATK by 20% for 1 turn and increase its longest active Special Move recovery by 1 turn.
MM-075,Imperius,Sovereign Order,Voidbound,Alpha,111,45,50,"Crown Breaker: 4+ | CD 2 | This attack gains +10% ATK. On success, increase the target Mystic's Special Move recovery by 3 turns.; Absolute Rule: 6+ | CD 2 | This attack deals +100% ATK. After damage resolves, there is a 25% chance that one random allied Mystic loses 25% of the damage dealt from its current Power Score.",Crown Breaker,4+,2,"This attack gains +10% ATK. On success, increase the target Mystic's Special Move recovery by 3 turns.",Absolute Rule,6+,2,"This attack deals +100% ATK. After damage resolves, there is a 25% chance that one random allied Mystic loses 25% of the damage dealt from its current Power Score."
MM-076,Starbit,Order of the Star,Mortalbound,Wild,46,20,16,Star Tap: 3+ | CD 1 | This attack gains +8% ATK and one allied Mystic gains +8% DEF for 1 turn.; Guiding Glow: 5+ | CD 2 | Gain +12% DEF for 2 turns and reduce one allied Mystic's active Special Move recovery by 1 turn.,Star Tap,3+,1,This attack gains +8% ATK and one allied Mystic gains +8% DEF for 1 turn.,Guiding Glow,5+,2,Gain +12% DEF for 2 turns and reduce one allied Mystic's active Special Move recovery by 1 turn.
MM-077,Comet,Order of the Star,Unbound,Hunter,67,24,30,Comet Ram: 3+ | CD 1 | This attack gains +10% ATK and one allied Mystic gains +10% DEF for 1 turn.; Meteor Rush: 5+ | CD 2 | Gain +20% ATK for this attack and +10% ATK on your next attack.,Comet Ram,3+,1,This attack gains +10% ATK and one allied Mystic gains +10% DEF for 1 turn.,Meteor Rush,5+,2,Gain +20% ATK for this attack and +10% ATK on your next attack.
MM-078,Celestail,Order of the Star,Ascendant,Predator,81,34,36,Star Tail: 4+ | CD 1 | This attack gains +12% ATK and one allied Mystic gains +12% DEF for 1 turn.; Celestial Guard: 6+ | CD 2 | Gain +24% DEF for 2 turns. One other allied Mystic gains +12% DEF for 1 turn.,Star Tail,4+,1,This attack gains +12% ATK and one allied Mystic gains +12% DEF for 1 turn.,Celestial Guard,6+,2,Gain +24% DEF for 2 turns. One other allied Mystic gains +12% DEF for 1 turn.
MM-079,Nova,Order of the Star,Ascendant,Prime,96,38,45,"Nova Burst: 4+ | CD 1 | This attack gains +15% ATK and one allied Mystic gains +15% DEF for 1 turn.; Supernova: 6+ | CD 2 | This attack gains +28% ATK. After resolving, this Mystic gets -15% DEF until the start of your next turn.",Nova Burst,4+,1,This attack gains +15% ATK and one allied Mystic gains +15% DEF for 1 turn.,Supernova,6+,2,"This attack gains +28% ATK. After resolving, this Mystic gets -15% DEF until the start of your next turn."
MM-080,Polaris,Order of the Star,Ascendant,Alpha,108,46,47,Northstar Strike: 4+ | CD 1 | This attack gains +18% ATK and one allied Mystic gains +18% DEF for 1 turn.; Guiding Star: 6+ | CD 2 | Recover 22% of maximum Power Score and gain +25% ATK for 2 turns.,Northstar Strike,4+,1,This attack gains +18% ATK and one allied Mystic gains +18% DEF for 1 turn.,Guiding Star,6+,2,Recover 22% of maximum Power Score and gain +25% ATK for 2 turns.
MM-081,Glowmoss,Verdant Dawn,Mortalbound,Wild,54,26,18,Spore Pop: 3+ | CD 1 | This attack gains +8% ATK and the target gets -8% ATK for 1 turn.; Healing Spores: 5+ | CD 2 | Recover 10% of this Mystic's maximum Power Score and gain +8% DEF until your next turn.,Spore Pop,3+,1,This attack gains +8% ATK and the target gets -8% ATK for 1 turn.,Healing Spores,5+,2,Recover 10% of this Mystic's maximum Power Score and gain +8% DEF until your next turn.
MM-082,Granite,Worldforge,Unbound,Predator,80,43,29,Stone Fist: 4+ | CD 1 | This attack gains +12% ATK and reduce target DEF by 12% for this attack.; Bedrock: 6+ | CD 2 | Gain +24% DEF for 2 turn(s).,Stone Fist,4+,1,This attack gains +12% ATK and reduce target DEF by 12% for this attack.,Bedrock,6+,2,Gain +24% DEF for 2 turn(s).
MM-083,Solflare,Sunspire,Ascendant,Prime,93,38,42,Solar Lash: 4+ | CD 1 | This attack gains +15% ATK and reduce target DEF by 15% for 1 turn.; Flare Shield: 6+ | CD 2 | Gain +20% DEF and recover 18% of maximum Power Score.,Solar Lash,4+,1,This attack gains +15% ATK and reduce target DEF by 15% for 1 turn.,Flare Shield,6+,2,Gain +20% DEF and recover 18% of maximum Power Score.
MM-084,Lookout,Starwatch,Mortalbound,Wild,53,23,19,Scout Strike: 3+ | CD 1 | This attack gains +8% ATK and mark the target with -8% DEF for your next attack.; Spot Weakness: 5+ | CD 2 | Reduce the target's DEF by 18% for 2 turns.,Scout Strike,3+,1,This attack gains +8% ATK and mark the target with -8% DEF for your next attack.,Spot Weakness,5+,2,Reduce the target's DEF by 18% for 2 turns.
MM-085,Arcflash,First Spark,Unbound,Predator,79,30,37,"Arc Slash: 4+ | CD 1 | This attack gains +18% ATK. Afterward, this Mystic gets -6% DEF until your next turn.; Flash Charge: 6+ | CD 2 | Gain +24% ATK for 2 turn(s).",Arc Slash,4+,1,"This attack gains +18% ATK. Afterward, this Mystic gets -6% DEF until your next turn.",Flash Charge,6+,2,Gain +24% ATK for 2 turn(s).
MM-086,Moonkin,Moonveil,Mortalbound,Hunter,64,27,26,Crescent Cut: 3+ | CD 1 | This attack gains +10% ATK and reduce target ATK by 10% for 1 turn.; Dreamstep: 5+ | CD 2 | Gain +20% DEF until your next turn and reduce the next attacker's ATK by 10% for that attack.,Crescent Cut,3+,1,This attack gains +10% ATK and reduce target ATK by 10% for 1 turn.,Dreamstep,5+,2,Gain +20% DEF until your next turn and reduce the next attacker's ATK by 10% for that attack.
MM-087,Timelock,Agespire,Ascendant,Prime,90,41,38,Chrono Hit: 4+ | CD 1 | This attack gains +15% ATK and increase target's longest active Special Move recovery by 1 turn.; Lock Time: 6+ | CD 2 | Reduce the target's ATK by 20% for 1 turn and increase its longest active Special Move recovery by 1 turn.,Chrono Hit,4+,1,This attack gains +15% ATK and increase target's longest active Special Move recovery by 1 turn.,Lock Time,6+,2,Reduce the target's ATK by 20% for 1 turn and increase its longest active Special Move recovery by 1 turn.
MM-088,Gateway,Stargate,Ascendant,Prime,92,40,40,Portal Crush: 4+ | CD 1 | This attack gains +15% ATK and reduce target DEF by 15% for this attack.; Crossworld: 6+ | CD 2 | Gain +28% DEF until your next turn and reduce the target's ATK by 20% for its next attack.,Portal Crush,4+,1,This attack gains +15% ATK and reduce target DEF by 15% for this attack.,Crossworld,6+,2,Gain +28% DEF until your next turn and reduce the target's ATK by 20% for its next attack.
MM-089,Banner,Sovereign Order,Mortalbound,Hunter,62,30,24,Rally Strike: 3+ | CD 1 | Gain +15% ATK for 1 turn(s).; Stand Firm: 5+ | CD 2 | Gain +20% DEF for 2 turn(s).,Rally Strike,3+,1,Gain +15% ATK for 1 turn(s).,Stand Firm,5+,2,Gain +20% DEF for 2 turn(s).
MM-090,Starcrest,Order of the Star,Mortalbound,Prime,89,39,38,Crest Slash: 4+ | CD 1 | This attack gains +15% ATK and one allied Mystic gains +15% DEF for 1 turn.; Rallying Star: 6+ | CD 2 | Gain +28% ATK for 2 turn(s).,Crest Slash,4+,1,This attack gains +15% ATK and one allied Mystic gains +15% DEF for 1 turn.,Rallying Star,6+,2,Gain +28% ATK for 2 turn(s).
MM-091,Briar King,Verdant Dawn,Ascendant,Alpha,101,48,42,Thorn Crown: 4+ | CD 1 | This attack gains +18% ATK and the target gets -18% ATK for 1 turn.; Ancient Growth: 6+ | CD 2 | Recover 22% of maximum Power Score and gain +25% DEF for 2 turns.,Thorn Crown,4+,1,This attack gains +18% ATK and the target gets -18% ATK for 1 turn.,Ancient Growth,6+,2,Recover 22% of maximum Power Score and gain +25% DEF for 2 turns.
MM-092,Iron Titan,Worldforge,Ascendant,Alpha,115,58,44,Titan Fist: 4+ | CD 1 | This attack gains +18% ATK and reduce target DEF by 18% for this attack.; Unbreakable: 6+ | CD 2 | Gain +35% DEF for 2 turns and recover 11% of maximum Power Score.,Titan Fist,4+,1,This attack gains +18% ATK and reduce target DEF by 18% for this attack.,Unbreakable,6+,2,Gain +35% DEF for 2 turns and recover 11% of maximum Power Score.
MM-093,Helion,Sunspire,Ascendant,Alpha,112,46,50,Sun Spear: 4+ | CD 1 | This attack gains +18% ATK and reduce target DEF by 18% for 1 turn.; Solar Judgment: 6+ | CD 2 | This attack gains +35% ATK. The target loses 25% DEF until the start of your next turn.,Sun Spear,4+,1,This attack gains +18% ATK and reduce target DEF by 18% for 1 turn.,Solar Judgment,6+,2,This attack gains +35% ATK. The target loses 25% DEF until the start of your next turn.
MM-094,Oracle,Starwatch,Ascendant,Alpha,105,41,47,Foreseen Strike: 4+ | CD 1 | This attack gains +18% ATK and mark the target with -18% DEF for your next attack.; Perfect Prediction: 6+ | CD 2 | Gain +35% DEF until the start of your next turn. The attacking enemy gets -25% ATK on its next attack.,Foreseen Strike,4+,1,This attack gains +18% ATK and mark the target with -18% DEF for your next attack.,Perfect Prediction,6+,2,Gain +35% DEF until the start of your next turn. The attacking enemy gets -25% ATK on its next attack.
MM-095,Wildspark,First Spark,Unbound,Alpha,107,39,51,Wild Surge: 4+ | CD 1 | Gain +25% ATK for 1 turn(s).; Chain Burst: 6+ | CD 2 | Gain +35% ATK for this attack and reduce this Mystic's other Special Move recovery by 1 turn.,Wild Surge,4+,1,Gain +25% ATK for 1 turn(s).,Chain Burst,6+,2,Gain +35% ATK for this attack and reduce this Mystic's other Special Move recovery by 1 turn.
MM-096,Nightweaver,Moonveil,Ascendant,Alpha,104,43,46,Dream Rend: 4+ | CD 1 | This attack gains +18% ATK and reduce target ATK by 18% for 1 turn.; Waking Nightmare: 6+ | CD 2 | Reduce the target's ATK by 35% for 1 turn and increase its longest active Special Move recovery by 1 turn.,Dream Rend,4+,1,This attack gains +18% ATK and reduce target ATK by 18% for 1 turn.,Waking Nightmare,6+,2,Reduce the target's ATK by 35% for 1 turn and increase its longest active Special Move recovery by 1 turn.
MM-097,Aeon,Agespire,Ascendant,Alpha,117,50,48,Epoch Slam: 4+ | CD 1 | This attack gains +18% ATK and increase target's longest active Special Move recovery by 1 turn.; Rewind Fate: 6+ | CD 2 | Recover 22% of this Mystic's maximum Power Score and reduce both of its active Special Move recoveries by 1 turn.,Epoch Slam,4+,1,This attack gains +18% ATK and increase target's longest active Special Move recovery by 1 turn.,Rewind Fate,6+,2,Recover 22% of this Mystic's maximum Power Score and reduce both of its active Special Move recoveries by 1 turn.
MM-098,Riftlord,Stargate,Voidbound,Alpha,118,46,54,Dimensional Rend: 4+ | CD 1 | This attack gains +18% ATK and reduce target DEF by 18% for this attack.; Collapse Gate: 6+ | CD 2 | Reduce the target's DEF by 35% for this attack and increase its longest active Special Move recovery by 1 turn.,Dimensional Rend,4+,1,This attack gains +18% ATK and reduce target DEF by 18% for this attack.,Collapse Gate,6+,2,Reduce the target's DEF by 35% for this attack and increase its longest active Special Move recovery by 1 turn.
MM-099,High Regent,Sovereign Order,Ascendant,Alpha,119,52,51,Sovereign Blow: 4+ | CD 1 | This attack gains +18% ATK and reduce target ATK by 18% for 1 turn.; Royal Command: 6+ | CD 2 | Reduce the target's ATK by 25% for 2 turns and increase both of its Special Move recoveries by 1 turn.,Sovereign Blow,4+,1,This attack gains +18% ATK and reduce target ATK by 18% for 1 turn.,Royal Command,6+,2,Reduce the target's ATK by 25% for 2 turns and increase both of its Special Move recoveries by 1 turn.
MM-100,Starborn,Order of the Star,Ascendant,Alpha,119,50,54,First Light: 4+ | CD 1 | This attack gains +18% ATK and one allied Mystic gains +18% DEF for 1 turn.; Celestial Awakening: 6+ | CD 2 | This attack gains +35% ATK and this Mystic recovers 22% of its maximum Power Score. Reduce this Mystic's other Special Move recovery by 1 turn.,First Light,4+,1,This attack gains +18% ATK and one allied Mystic gains +18% DEF for 1 turn.,Celestial Awakening,6+,2,This attack gains +35% ATK and this Mystic recovers 22% of its maximum Power Score. Reduce this Mystic's other Special Move recovery by 1 turn.
